uniqueID,name,party,n_turns,n_heckles,first_year,last_year,heckle_rate_per_100_turns
Howard1939,"Howard, John",LIB,3539,1473,1998,2007,41.6219270980503
Abbott1957,"Abbott, Tony",LIB,3830,1392,1998,2019,36.344647519582246
Albanese1963,"Albanese, Anthony",ALP,5375,1348,1998,2025,25.07906976744186
Gillard1961,"Gillard, Julia",ALP,2655,1288,1998,2013,48.51224105461394
Morrison1968,"Morrison, Scott",LIB,3323,1101,2008,2024,33.1327114053566
Turnbull1954,"Turnbull, Malcolm",LIB,2727,1038,2004,2018,38.06380638063806
Costello1957,"Costello, Peter",LIB,1699,900,1998,2009,52.97233666862861
Rudd1957,"Rudd, Kevin",ALP,2289,830,1998,2013,36.26037570991699
Hockey1965,"Hockey, Joe",LIB,1871,779,1998,2015,41.63548904329236
Swan1954,"Swan, Wayne",ALP,1913,722,1998,2019,37.74176685833769
Pyne1967,"Pyne, Christopher",LIB,2561,613,1998,2019,23.935962514642718
Shorten1967,"Shorten, Bill",ALP,2354,586,2008,2024,24.893797790994054
Bowen1973,"Bowen, Chris",ALP,1869,521,2004,2025,27.875869448903156
Burke1969,"Burke, Tony",ALP,2273,482,2004,2025,21.20545534535856
Dutton1970,"Dutton, Peter",LIB,1962,464,2002,2025,23.649337410805302
McCormack1964,"McCormack, Michael",NP,1686,451,2010,2025,26.749703440094898
Smith1967,"Smith, Tony (Anthony David) (The SPEAKER)",LIB,2370,428,2015,2021,18.059071729957807
Anderson1956,"Anderson, John",NP,874,416,1998,2007,47.59725400457666
Downer1951,"Downer, Alexander",LIB,977,401,1998,2008,41.04401228249744
Beazley1948,"Beazley, Kim (Jr)",ALP,1642,395,1998,2007,24.05602923264312
Crean1949,"Crean, Simon",ALP,1478,387,1998,2013,26.184032476319352
Ruddock1943,"Ruddock, Philip",LIB,1206,369,1998,2016,30.597014925373134
Truss1948,"Truss, Warren",NP,1471,362,1998,2016,24.609109449354182
Bishop1956,"Bishop, Julie",LIB,1621,349,1998,2019,21.529919802590992
Macklin1953,"Macklin, Jenny",ALP,1499,346,1998,2019,23.082054703135423
Plibersek1969,"Plibersek, Tanya",ALP,1623,337,1998,2025,20.764017252002464
Fitzgibbon1962,"Fitzgibbon, Joel",ALP,1222,336,1998,2022,27.495908346972175
Reith1950,"Reith, Peter",LIB,640,324,1998,2001,50.625
Frydenberg1971,"Frydenberg, Josh",LIB,1181,322,2010,2022,27.26502963590178
Hunt1965,"Hunt, Greg",LIB,1771,321,2002,2022,18.125352907961602
Andrews1955,"Andrews, Kevin",LIB,1313,311,1998,2022,23.686214775323688
Chalmers1978,"Chalmers, Jim",ALP,917,290,2013,2025,31.62486368593239
Joyce1967,"Joyce, Barnaby",NP,977,286,2013,2025,29.273285568065507
Perrett1966,"Perrett, Graham",ALP,1513,277,2008,2025,18.30799735624587
Snowdon1950,"Snowdon, Warren",ALP,1080,276,1998,2022,25.555555555555557
Emerson1954,"Emerson, Craig",ALP,839,258,1998,2013,30.75089392133492
Kemp1941,"Kemp, David",LIB,541,249,1998,2004,46.02587800369686
Ley1961,"Ley, Sussan",LIB,1356,246,2002,2025,18.141592920353983
Slipper1950,"Slipper, Peter",LIB,1441,242,1998,2011,16.793893129770993
Roxon1967,"Roxon, Nicola",ALP,964,228,1998,2013,23.651452282157678
Vaile1956,"Vaile, Mark",NP,675,225,1998,2008,33.333333333333336
OConnor1962,"O'Connor, Brendan",ALP,1112,224,2002,2024,20.14388489208633
Dreyfus1956,"Dreyfus, Mark",ALP,1286,218,2008,2025,16.951788491446344
King1966,"King, Catherine",ALP,1150,210,2002,2025,18.26086956521739
Nelson1958,"Nelson, Brendan",LIB,802,209,1998,2009,26.059850374064837
Dick1972,"Dick, Milton (The SPEAKER)",ALP,1070,207,2022,2025,19.345794392523363
Fletcher1965,"Fletcher, Paul",LIB,1508,206,2010,2025,13.660477453580901
Jones1965,"Jones, Stephen",ALP,1215,204,2010,2025,16.790123456790123
Brough1961,"Brough, Mal",LIB,739,203,1998,2016,27.46955345060893
Tehan1968,"Tehan, Dan",LIB,998,201,2010,2025,20.140280561122246
Taylor1966,"Taylor, Angus",LIB,798,200,2013,2025,25.06265664160401
Billson1966,"Billson, Bruce",LIB,954,197,1998,2016,20.649895178197063
Butler1970,"Butler, Mark",ALP,785,192,2008,2025,24.45859872611465
Hall1949,"Hall, Jill",ALP,1461,191,1998,2016,13.073237508555783
Tanner1956,"Tanner, Lindsay",ALP,656,189,1998,2010,28.8109756097561
Bandt1972,"Bandt, Adam",GRN,1301,189,2010,2025,14.52728670253651
Husic1970,"Husic, Ed",ALP,851,187,2010,2025,21.974148061104582
Porter1970,"Porter, Christian",LIB,1023,187,2013,2022,18.27956989247312
Macfarlane1955,"Macfarlane, Ian",LIB,638,186,1998,2016,29.153605015673982
McGauran1955,"McGauran, Peter",NP,596,184,1998,2008,30.87248322147651
Bishop1942,"Bishop, Bronwyn",LIB,598,184,1998,2016,30.76923076923077
Thomson1955,"Thomson, Kelvin",ALP,1217,181,1998,2016,14.872637633525061
Tuckey1935,"Tuckey, Wilson",LIB,499,175,1998,2010,35.07014028056112
Ferguson1953,"Ferguson, Martin",ALP,801,173,1998,2013,21.5980024968789
Smith1955,"Smith, Stephen",ALP,894,172,1998,2013,19.23937360178971
Hardgrave1960,"Hardgrave, Gary",LIB,550,168,1998,2007,30.545454545454547
Giles1973,"Giles, Andrew",ALP,729,167,2013,2025,22.90809327846365
Ripoll1966,"Ripoll, Bernie",ALP,802,167,1998,2016,20.82294264339152
Leigh1972,"Leigh, Andrew",ALP,1216,166,2010,2025,13.651315789473685
Keenan1972,"Keenan, Michael",LIB,907,162,2004,2019,17.861080485115767
Champion1972,"Champion, Nick",ALP,524,162,2008,2021,30.916030534351144
McMullan1947,"McMullan, Bob",ALP,642,161,1998,2010,25.077881619937695
Murphy1950,"Murphy, John",ALP,1052,161,1998,2013,15.304182509505704
Latham1961,"Latham, Mark",ALP,571,158,1998,2004,27.6707530647986
Garrett1953,"Garrett, Peter",ALP,620,157,2004,2013,25.322580645161292
Chester1967,"Chester, Darren",NP,881,157,2008,2025,17.82065834279228
OConnor1947,"O'Connor, Gavan",ALP,422,153,1998,2007,36.25592417061611
Neville1940,"Neville, Paul",NP,818,149,1998,2013,18.21515892420538
Collins1971,"Collins, Julie",ALP,703,148,2008,2025,21.05263157894737
Kelly1963,"Kelly, Craig",LIB,895,146,2010,2022,16.312849162011172
Ciobo1974,"Ciobo, Steve",LIB,791,144,2002,2019,18.20480404551201
Bishop1942,"Bishop, Bronwyn (The SPEAKER)",LIB,686,144,2013,2015,20.99125364431487
Katter1945,"Katter, Bob (Jr)",KAP,718,143,2011,2025,19.91643454038997
Lindsay1944,"Lindsay, Peter",LIB,678,142,1998,2010,20.94395280235988
Anthony1961,"Anthony, Larry (Lawrence)",NP,394,141,1998,2004,35.786802030456855
Robert1970,"Robert, Stuart",LIB,1088,141,2008,2024,12.959558823529411
McClelland1958,"McClelland, Robert",ALP,840,140,1998,2013,16.666666666666668
Windsor1950,"Windsor, Tony",IND,523,133,2002,2013,25.430210325047803
Briggs1977,"Briggs, Jamie",LIB,590,132,2008,2016,22.372881355932204
Hill1973,"Hill, Julian",ALP,610,130,2016,2025,21.311475409836067
Wooldridge1956,"Wooldridge, Michael",LIB,402,127,1998,2001,31.592039800995025
Wallace1968,"Wallace, Andrew",LIB,727,127,2016,2025,17.46905089408528
Lee1957,"Lee, Michael",ALP,393,126,1998,2001,32.06106870229008
Hartsuyker1959,"Hartsuyker, Luke",NP,805,123,2002,2019,15.279503105590063
Clare1972,"Clare, Jason",ALP,731,120,2008,2025,16.415868673050614
Conroy1979,"Conroy, Pat",ALP,1726,120,2013,2025,6.952491309385863
Katter1945,"Katter, Bob (Jr)",IND,371,120,2001,2011,32.34501347708895
Baldwin1955,"Baldwin, Bob",LIB,812,118,1998,2016,14.532019704433498
Combet1958,"Combet, Greg",ALP,557,117,2008,2013,21.005385996409334
Rishworth1978,"Rishworth, Amanda",ALP,952,117,2008,2025,12.289915966386555
Marles1967,"Marles, Richard",ALP,814,116,2008,2025,14.25061425061425
Hawke1977,"Hawke, Alex",LIB,695,115,2008,2025,16.546762589928058
Owens1958,"Owens, Julie",ALP,881,113,2004,2022,12.82633371169126
Robb1951,"Robb, Andrew",LIB,470,110,2004,2016,23.404255319148938
Irons1958,"Irons, Steve",LIB,776,110,2008,2022,14.175257731958762
Wilson1980,"Wilson, Tim",LIB,641,109,2016,2025,17.004680187207487
Price1945,"Price, Roger",ALP,677,108,1998,2010,15.952732644017726
OBrien1974,"O'Brien, Ted",LIB,510,108,2016,2025,21.176470588235293
Howarth1972,"Howarth, Luke",LIB,657,107,2013,2025,16.28614916286149
Sidebottom1951,"Sidebottom, Sid",ALP,636,106,1998,2013,16.666666666666668
Ferguson1952,"Ferguson, Laurie",ALP,606,105,1998,2016,17.326732673267326
Littleproud1976,"Littleproud, David",NAT,553,104,2016,2025,18.806509945750452
MitchellRobert1967,"Mitchell, Rob",ALP,539,102,2010,2025,18.923933209647494
Sukkar1981,"Sukkar, Michael",LIB,784,102,2013,2025,13.010204081632653
Cadman1937,"Cadman, Alan",LIB,384,102,1998,2007,26.5625
Bevis1955,"Bevis, Arch",ALP,444,102,1998,2010,22.972972972972972
Neumann1961,"Neumann, Shayne",ALP,1390,100,2008,2025,7.194244604316546
Bradbury1976,"Bradbury, David",ALP,514,100,2008,2013,19.455252918287936
Broadbent1950,"Broadbent, Russell",LIB,749,98,1998,2025,13.08411214953271
Scott1943,"Scott, Bruce",NP,599,98,1998,2016,16.360601001669448
Smith1967,"Smith, Tony (Anthony David)",LIB,629,97,2002,2022,15.421303656597773
Hayes1955,"Hayes, Chris",ALP,1168,95,2005,2022,8.133561643835616
Buchholz1968,"Buchholz, Scott",LIB,603,95,2010,2025,15.754560530679933
Kelly1954,"Kelly, De-Anne",NP,360,95,1998,2007,26.38888888888889
vanManen1965,"van Manen, Bert",LIB,904,94,2010,2025,10.398230088495575
Baird1942,"Baird, Bruce",LIB,578,92,1998,2007,15.916955017301039
Falinski1970,"Falinski, Jason",LIB,430,91,2016,2022,21.162790697674417
Tudge1971,"Tudge, Alan",LIB,585,90,2010,2023,15.384615384615385
Randall1953,"Randall, Don",LIB,564,90,1998,2015,15.957446808510639
Butler1977,"Butler, Terri",ALP,540,88,2014,2022,16.296296296296298
Hogan1963,"Hogan, Kevin",NP,692,87,2013,2025,12.572254335260116
Wilkie1961,"Wilkie, Andrew",IND,733,87,2010,2025,11.869031377899045
Hatton1951,"Hatton, Michael",ALP,330,84,1998,2007,25.454545454545453
ONeil1980,"O'Neil, Clare",ALP,479,84,2013,2025,17.53653444676409
Laming1966,"Laming, Andrew",LIB,730,83,2004,2022,11.36986301369863
Burney1957,"Burney, Linda",ALP,385,83,2016,2025,21.558441558441558
Griffin1960,"Griffin, Alan",ALP,496,83,1998,2016,16.733870967741936
Cox1954,"Cox, David",ALP,278,82,1998,2004,29.496402877697843
Pasin1977,"Pasin, Tony",LIB,619,81,2013,2025,13.08562197092084
Christensen1978,"Christensen, George",NP,666,81,2010,2022,12.162162162162161
Bird1962,"Bird, Sharon",ALP,569,81,2004,2022,14.235500878734623
ODwyer1977,"O'Dwyer, Kelly",LIB,716,79,2010,2019,11.033519553072626
Ellis1977,"Ellis, Kate",ALP,422,79,2004,2019,18.72037914691943
Andrews1960,"Andrews, Karen",LIB,669,79,2010,2024,11.80866965620329
Southcott1967,"Southcott, Andrew",LIB,804,78,1998,2016,9.701492537313433
Ramsey1956,"Ramsey, Rowan",LIB,861,77,2008,2025,8.94308943089431
Danby1955,"Danby, Michael",ALP,909,76,1998,2019,8.36083608360836
Williams1942,"Williams, Daryl",LIB,587,75,1998,2004,12.776831345826235
Burke1966,"Burke, Anna (The DEPUTY SPEAKER)",ALP,327,72,2008,2016,22.01834862385321
Marino1954,"Marino, Nola",LIB,943,72,2008,2025,7.635206786850477
Melham1954,"Melham, Daryl",ALP,539,72,1998,2013,13.358070500927644
Stone1951,"Stone, Sharman",LIB,831,72,1998,2016,8.664259927797834
Zappia1952,"Zappia, Tony",ALP,1234,71,2008,2025,5.753646677471637
Fahey1945,"Fahey, John",LIB,186,70,1998,2001,37.634408602150536
Coulton1958,"Coulton, Mark",NP,624,70,2008,2025,11.217948717948717
Pitt1969,"Pitt, Keith",NP,595,70,2013,2024,11.764705882352942
Cobb1950,"Cobb, John",NP,516,69,2002,2016,13.372093023255815
Burke1966,"Burke, Anna (The SPEAKER)",ALP,290,69,2012,2013,23.79310344827586
Ryan1961,"Ryan, Joanne",ALP,947,69,2013,2025,7.286166842661035
Kerr1952,"Kerr, Duncan",ALP,388,69,1998,2010,17.783505154639176
Price1963,"Price, Melissa",LIB,571,68,2013,2025,11.908931698774081
Oakeshott1969,"Oakeshott, Rob",IND,461,67,2008,2013,14.533622559652928
King1973,"King, Madeleine",ALP,371,65,2016,2025,17.52021563342318
MitchellBrian1967,"Mitchell, Brian",ALP,542,65,2016,2025,11.992619926199263
Lloyd1954,"Lloyd, Jim",LIB,410,65,1998,2007,15.853658536585366
Burns1987,"Burns, Josh",ALP,418,65,2019,2025,15.55023923444976
Nairn1951,"Nairn, Gary",LIB,433,64,1998,2007,14.780600461893764
Henderson1964,"Henderson, Sarah",LIB,424,64,2013,2019,15.09433962264151
Andren1946,"Andren, Peter",IND,453,63,1998,2007,13.907284768211921
Jenkins1952,"Jenkins, Harry (Jr) (The SPEAKER)",ALP,232,63,2011,2011,27.155172413793103
Thompson1960,"Thompson, Cameron",LIB,315,63,1998,2007,20.0
Rowland1971,"Rowland, Michelle",ALP,785,63,2010,2025,8.02547770700637
Claydon1964,"Claydon, Sharon",ALP,822,62,2013,2025,7.542579075425791
Wyatt1952,"Wyatt, Ken",LIB,488,62,2010,2022,12.704918032786885
Gee1968,"Gee, Andrew",NP,456,62,2016,2025,13.596491228070175
Dick1972,"Dick, Milton",ALP,401,61,2016,2022,15.211970074812967
Saffin1954,"Saffin, Janelle",ALP,395,60,2008,2013,15.189873417721518
Gambaro1958,"Gambaro, Teresa",LIB,743,60,1998,2016,8.075370121130552
Byrne1962,"Byrne, Anthony",ALP,534,59,2000,2022,11.04868913857678
Johnson1970,"Johnson, Michael",LIB,377,59,2002,2010,15.649867374005305
McArthur1937,"McArthur, Stewart",LIB,316,59,1998,2007,18.670886075949365
Causley1940,"Causley, Ian",NP,276,59,1998,2007,21.3768115942029
Zahra1973,"Zahra, Christian",ALP,218,59,1998,2004,27.06422018348624
Griggs1969,"Griggs, Natasha",CLP,424,58,2010,2016,13.679245283018869
Burke1966,"Burke, Anna",ALP,594,58,1998,2016,9.764309764309765
Brodtmann1963,"Brodtmann, Gai",ALP,1003,58,2010,2019,5.782652043868395
Hull1954,"Hull, Kay",NP,425,58,1998,2010,13.647058823529411
Aly1967,"Aly, Anne",ALP,392,57,2016,2025,14.540816326530612
Adams1951,"Adams, Dick",ALP,519,57,1998,2013,10.982658959537572
Chesters1980,"Chesters, Lisa",ALP,948,57,2013,2025,6.012658227848101
Bailey1946,"Bailey, Fran",LIB,265,56,1998,2010,21.132075471698112
Vale1944,"Vale, Danna",LIB,348,55,1998,2010,15.804597701149426
Jenkins1952,"Jenkins, Harry (Jr)",ALP,376,55,1998,2013,14.627659574468085
Elliot1967,"Elliot, Justine",ALP,705,55,2004,2025,7.801418439716312
Fischer1946,"Fischer, Tim",NP,142,54,1998,2001,38.028169014084504
Entsch1950,"Entsch, Warren",LIB,818,53,1998,2025,6.47921760391198
Horne1939,"Horne, Bob",ALP,152,53,1998,2001,34.86842105263158
Secker1956,"Secker, Patrick",LIB,370,52,1998,2013,14.054054054054054
MacTiernan1953,"MacTiernan, Alannah",ALP,368,51,2013,2016,13.858695652173912
McLeay1945,"McLeay, Leo",ALP,190,51,1998,2004,26.842105263157894
Gorman1984,"Gorman, Patrick",ALP,324,51,2018,2025,15.74074074074074
Bell1968,"Bell, Angie",LIB,382,51,2019,2025,13.350785340314136
Georganas1959,"Georganas, Steve",ALP,982,50,2004,2025,5.091649694501018
Cameron1965,"Cameron, Ross",LIB,310,50,1998,2004,16.129032258064516
Jones1960,"Jones, Ewen",LIB,388,50,2010,2016,12.88659793814433
Watts1982,"Watts, Tim",ALP,542,50,2013,2025,9.22509225092251
Bartlett1949,"Bartlett, Kerry",LIB,474,50,1998,2007,10.548523206751055
Barresi1955,"Barresi, Phil",LIB,341,49,1998,2007,14.36950146627566
Martin1948,"Martin, Stephen",ALP,194,49,1998,2002,25.257731958762886
Broad1975,"Broad, Andrew",NP,305,49,2013,2019,16.065573770491802
Thistlethwaite1972,"Thistlethwaite, Matt",ALP,859,49,2013,2025,5.70430733410943
ODowd1950,"O'Dowd, Ken",NP,578,48,2010,2022,8.304498269896193
Laundy1971,"Laundy, Craig",LIB,232,48,2013,2019,20.689655172413794
Freelander1953,"Freelander, Mike",ALP,481,48,2016,2025,9.97920997920998
Kelly1964,"Kelly, Jackie",LIB,283,46,1998,2007,16.25441696113074
Swanson1970,"Swanson, Meryl",ALP,438,46,2016,2025,10.502283105022832
Haase1945,"Haase, Barry",LIB,406,45,1998,2013,11.083743842364532
Livermore1969,"Livermore, Kirsten",ALP,453,45,1998,2013,9.933774834437086
Gash1944,"Gash, Joanna",LIB,549,45,1998,2013,8.19672131147541
Prentice1953,"Prentice, Jane",LIB,745,44,2010,2019,5.906040268456376
McBain1982,"McBain, Kristy",ALP,245,43,2020,2025,17.551020408163264
Keogh1981,"Keogh, Matt",ALP,598,43,2016,2025,7.190635451505017
Coleman1974,"Coleman, David",LIB,679,43,2013,2025,6.332842415316642
McGowan1953,"McGowan, Cathy",IND,616,42,2013,2019,6.818181818181818
Gillespie1957,"Gillespie, David",NP,629,42,2013,2025,6.677265500794912
Hastie1982,"Hastie, Andrew",LIB,421,42,2015,2025,9.97624703087886
Nikolic1961,"Nikolic, Andrew",LIB,247,41,2013,2016,16.59919028340081
Gosling1971,"Gosling, Luke",ALP,802,41,2016,2025,5.112219451371571
Hamilton1979,"Hamilton, Garth",LIB,204,40,2021,2025,19.607843137254903
Sharkie1972,"Sharkie, Rebekha",CA,775,39,2018,2025,5.032258064516129
Conaghan1971,"Conaghan, Pat",NP,374,39,2019,2025,10.427807486631016
Simpkins1964,"Simpkins, Luke",LIB,597,39,2008,2016,6.532663316582915
Leeser1976,"Leeser, Julian",LIB,623,38,2016,2025,6.099518459069021
Irwin1951,"Irwin, Julia",ALP,370,38,1998,2010,10.27027027027027
DAth1970,"D'Ath, Yvette",ALP,291,37,2008,2013,12.714776632302405
Wood1968,"Wood, Jason",LIB,577,37,2004,2025,6.412478336221837
George1947,"George, Jennie",ALP,320,37,2002,2010,11.5625
Pearce1963,"Pearce, Chris",LIB,285,37,2001,2010,12.982456140350877
Wilson1972,"Wilson, Josh",ALP,451,37,2016,2025,8.203991130820398
Vamvakinou1959,"Vamvakinou, Maria",ALP,673,36,2002,2025,5.349182763744428
Mirabella1968,"Mirabella, Sophie",LIB,243,36,2006,2013,14.814814814814815
Wilkie1959,"Wilkie, Kim",ALP,264,35,1998,2007,13.257575757575758
Simmonds1985,"Simmonds, Julian",LIB,295,35,2019,2022,11.864406779661017
Hawker1949,"Hawker, David",LIB,241,35,1998,2010,14.522821576763485
Murphy1973,"Murphy, Peta",ALP,342,35,2019,2023,10.23391812865497
Kernot1948,"Kernot, Cheryl",ALP,132,35,1998,2001,26.515151515151516
Thompson1988,"Thompson, Phillip",LIB,297,34,2019,2025,11.447811447811448
Templeman1963,"Templeman, Susan",ALP,881,34,2016,2025,3.859250851305335
Crosio1939,"Crosio, Janice",ALP,255,33,1998,2004,12.941176470588236
Thomson1964,"Thomson, Craig",ALP,250,33,2008,2012,13.2
OByrne1968,"O'Byrne, Michelle",ALP,200,33,1998,2004,16.5
Turnour1966,"Turnour, James",ALP,124,33,2008,2010,26.612903225806452
ONeill1961,"O'Neill, Deborah",ALP,265,33,2010,2013,12.452830188679245
Moylan1944,"Moylan, Judi",LIB,520,32,1998,2013,6.153846153846154
Wakelin1946,"Wakelin, Barry",LIB,276,32,1998,2007,11.594202898550725
Williams1973,"Williams, Matt",LIB,204,32,2013,2016,15.686274509803921
McIntosh1977,"McIntosh, Melissa",LIB,388,31,2019,2025,7.989690721649485
Flint1978,"Flint, Nicolle",LIB,423,31,2016,2022,7.328605200945627
Wells1985,"Wells, Anika",ALP,276,31,2019,2025,11.231884057971014
Causley1940,"Causley, Ian (The DEPUTY SPEAKER)",NP,166,30,2000,2007,18.072289156626507
Khalil1973,"Khalil, Peter",ALP,438,30,2016,2025,6.8493150684931505
Wicks1973,"Wicks, Lucy",LIB,657,30,2013,2022,4.566210045662101
Stevens1983,"Stevens, James",LIB,512,30,2019,2025,5.859375
Whiteley1960,"Whiteley, Brett",LIB,167,30,2013,2016,17.964071856287426
Webster1959,"Webster, Anne",NP,417,30,2019,2025,7.194244604316546
Jensen1962,"Jensen, Dennis",LIB,483,29,2004,2016,6.004140786749482
Forrest1949,"Forrest, John (Alexander)",NP,297,29,1998,2013,9.764309764309765
Worth1946,"Worth, Trish",LIB,265,29,1998,2004,10.943396226415095
Gibbons1949,"Gibbons, Steve",ALP,281,29,1998,2013,10.320284697508896
Wilson1966,"Wilson, Rick",LIB,511,29,2013,2025,5.675146771037182
StClair1949,"St Clair, Stuart",NP,169,28,1998,2001,16.568047337278106
Draper1959,"Draper, Trish",LIB,309,28,1998,2007,9.06148867313916
Stanley1961,"Stanley, Anne",ALP,465,28,2016,2025,6.021505376344086
Sawford1944,"Sawford, Rod",ALP,193,28,1998,2007,14.507772020725389
Georgiou1947,"Georgiou, Petro",LIB,233,28,1998,2010,12.017167381974248
Gallus1943,"Gallus, Chris",LIB,137,28,1998,2004,20.437956204379564
May1950,"May, Margaret",LIB,394,27,1998,2010,6.852791878172589
Schultz1939,"Schultz, Alby",LIB,314,27,1998,2013,8.598726114649681
Lawrence1948,"Lawrence, Carmen",ALP,149,27,1998,2007,18.120805369127517
McNamara1964,"McNamara, Karen",LIB,273,27,2013,2016,9.89010989010989
Sudmalis1955,"Sudmalis, Ann",LIB,334,27,2013,2019,8.083832335329342
Cheeseman1976,"Cheeseman, Darren",ALP,269,27,2008,2013,10.037174721189592
Kearney1963,"Kearney, Ged",ALP,348,26,2018,2025,7.471264367816092
Charles1936,"Charles, Bob",LIB,220,26,1998,2004,11.818181818181818
Landry1962,"Landry, Michelle",NP,523,26,2013,2025,4.97131931166348
Slipper1950,"Slipper, Peter (The SPEAKER)",IND,110,26,2011,2012,23.636363636363637
Scott1977,"Scott, Fiona",LIB,202,26,2013,2016,12.871287128712872
Mossfield1935,"Mossfield, Frank",ALP,299,26,1998,2004,8.695652173913043
Parke1966,"Parke, Melissa",ALP,579,26,2008,2016,4.490500863557858
Morris1940,"Morris, Allan",ALP,111,26,1998,2001,23.423423423423422
Steggall1974,"Steggall, Zali",IND,561,26,2019,2025,4.634581105169341
Ellis1946,"Ellis, Annette",ALP,377,26,1998,2010,6.896551724137931
Hutchinson1965,"Hutchinson, Eric",LIB,269,26,2013,2016,9.66542750929368
Ronaldson1954,"Ronaldson, Michael",LIB,94,25,1998,2001,26.595744680851062
Hollis1938,"Hollis, Colin",ALP,150,25,1998,2001,16.666666666666668
Hale1969,"Hale, Damian",ALP,152,25,2008,2010,16.44736842105263
Sciacca1947,"Sciacca, Con",ALP,106,25,1998,2004,23.58490566037736
Washer1945,"Washer, Mal",LIB,247,25,1998,2013,10.121457489878543
King1952,"King, Peter",LIB,165,25,2002,2004,15.151515151515152
Edwards1946,"Edwards, Graham",ALP,237,25,1998,2007,10.548523206751055
Hoare1963,"Hoare, Kelly",ALP,222,24,1998,2007,10.81081081081081
Kelly1960,"Kelly, Mike",ALP,366,24,2008,2020,6.557377049180328
Moore1936,"Moore, John",LIB,73,24,1998,2000,32.87671232876713
Thwaites1980,"Thwaites, Kate",ALP,299,24,2019,2025,8.02675585284281
Drum1960,"Drum, Kevin",NP,374,24,2016,2023,6.4171122994652405
Morton1981,"Morton, Ben",LIB,256,23,2016,2022,8.984375
Hammond1975,"Hammond, Tim",ALP,107,23,2016,2018,21.49532710280374
Alexander1951,"Alexander, John",LIB,676,23,2010,2022,3.4023668639053253
Grierson1951,"Grierson, Sharon",ALP,416,23,2002,2013,5.528846153846154
Symon1965,"Symon, Mike",ALP,312,23,2008,2013,7.371794871794871
Roy1990,"Roy, Wyatt",LIB,222,23,2010,2016,10.36036036036036
Evans1944,"Evans, Gareth",ALP,75,23,1998,1999,30.666666666666668
Gray1958,"Gray, Gary",ALP,436,23,2008,2016,5.275229357798165
OKeefe1947,"O'Keefe, Neil",ALP,85,22,1998,2001,25.88235294117647
Nehl1934,"Nehl, Garry",NP,129,22,1998,2001,17.05426356589147
Pearce1967,"Pearce, Gavin",LIB,277,21,2019,2025,7.581227436823105
Elson1947,"Elson, Kay",LIB,259,21,1998,2007,8.108108108108109
Mirabella1968,"Panopoulos, Sophie",LIB,128,21,2002,2006,16.40625
Tollner1966,"Tollner, Dave",CLP,185,21,2002,2007,11.35135135135135
Haines1961,"Haines, Helen",IND,540,21,2019,2025,3.888888888888889
Sercombe1949,"Sercombe, Bob",ALP,153,21,1998,2007,13.72549019607843
McBride1975,"McBride, Emma",ALP,353,20,2016,2025,5.665722379603399
Somlyay1946,"Somlyay, Alex",LIB,224,20,1998,2013,8.928571428571429
Smyth1976,"Smyth, Laura",ALP,178,20,2010,2013,11.235955056179776
Lieberman1938,"Lieberman, Lou",LIB,119,20,1998,2001,16.80672268907563
Smith1954,"Smith, Warwick",LIB,60,20,1998,1998,33.333333333333336
Scott1943,"Scott, Bruce (The DEPUTY SPEAKER)",NP,212,20,2002,2016,9.433962264150944
Evans1981,"Evans, Trevor",LIB,358,20,2016,2022,5.58659217877095
Raguse1960,"Raguse, Brett",ALP,148,20,2008,2010,13.513513513513514
Vasta1966,"Vasta, Ross",LIB,556,20,2004,2025,3.597122302158273
Sullivan1950,"Sullivan, Jon",ALP,111,19,2008,2010,17.117117117117118
Ferguson1974,"Ferguson, Michael",LIB,125,19,2004,2007,15.2
Theophanous1946,"Theophanous, Andrew",IND,96,19,2000,2001,19.791666666666668
Husar1980,"Husar, Emma",ALP,183,18,2016,2019,9.836065573770492
Farmer1962,"Farmer, Pat",LIB,165,18,2002,2010,10.909090909090908
Ticehurst1945,"Ticehurst, Ken",LIB,185,18,2002,2007,9.72972972972973
OBrien1972,"O'Brien, Llew",NP,315,17,2016,2025,5.396825396825397
Hendy1962,"Hendy, Peter",LIB,186,17,2013,2016,9.13978494623656
EvansMartyn1953,"Evans, Martyn",ALP,98,17,1998,2004,17.346938775510203
Feeney1970,"Feeney, David",ALP,136,16,2013,2017,11.764705882352942
Markus1958,"Markus, Louise",LIB,435,16,2004,2016,3.67816091954023
Organ1956,"Organ, Michael",GRN,180,16,2003,2004,8.88888888888889
Smith1970,"Smith, David",ALP,294,16,2019,2025,5.442176870748299
Phillips1970,"Phillips, Fiona",ALP,387,16,2019,2025,4.134366925064599
Allen1966,"Allen, Katie",LIB,390,16,2019,2022,4.102564102564102
Thomson1961,"Thomson, Andrew",LIB,121,16,1998,2001,13.223140495867769
Banks1962,"Banks, Julia",LIB,154,15,2016,2018,9.74025974025974
Quick1941,"Quick, Harry",ALP,205,15,1998,2007,7.317073170731708
Nugent1938,"Nugent, Peter",LIB,97,15,1998,2001,15.463917525773196
Jull1944,"Jull, David",LIB,179,14,1998,2007,7.82122905027933
Brereton1946,"Brereton, Laurie",ALP,100,14,1998,2004,14.0
McFarlane1944,"McFarlane, Jann",ALP,151,14,1998,2004,9.271523178807946
Palmer1954,"Palmer, Clive",PUP,62,14,2013,2016,22.580645161290324
McClelland1958,Stage direction,ALP,14,14,2005,2011,100.0
Jackson1962,"Jackson, Sharryn",ALP,218,14,2002,2010,6.422018348623853
Henry1946,"Henry, Stuart",LIB,137,14,2004,2007,10.218978102189782
Albanese1963,Stage direction,ALP,13,13,2000,2011,100.0
Mulino1969,"Mulino, Daniel",ALP,318,13,2019,2025,4.088050314465409
Goodenough1975,"Goodenough, Ian",LIB,476,13,2013,2025,2.73109243697479
Bradford1946,"Bradford, John",CDP,26,13,1998,1998,50.0
Price1945,Stage direction,ALP,16,13,2000,2005,81.25
Lamb1972,"Lamb, Susan",ALP,134,13,2016,2019,9.701492537313433
Prosser1948,"Prosser, Geoff",LIB,148,13,1998,2007,8.783783783783784
Sharma1975,"Sharma, Dave",LIB,236,13,2019,2022,5.508474576271187
OToole1956,"O'Toole, Cathy",ALP,250,12,2016,2019,4.8
Coker1962,"Coker, Libby",ALP,384,12,2019,2025,3.125
Payne1982,"Payne, Alicia",ALP,333,12,2019,2025,3.6036036036036037
Lawler1961,"Lawler, Tony",NP,126,12,1998,2001,9.523809523809524
Theophanous1946,"Theophanous, Andrew",ALP,61,12,1998,2000,19.672131147540984
Wilton1955,"Wilton, Greg",ALP,56,12,1998,2000,21.428571428571427
Zimmerman1968,"Zimmerman, Trent",LIB,275,12,2016,2022,4.363636363636363
Jenkins1952,"Jenkins, Harry (Jr) (The DEPUTY SPEAKER)",ALP,93,11,2000,2007,11.827956989247312
Bidgood1959,"Bidgood, James",ALP,117,11,2008,2010,9.401709401709402
Filing1955,"Filing, Paul",IND,28,11,1998,1998,39.285714285714285
Campbell1939,"Campbell, Graeme",IND,39,11,1998,1998,28.205128205128204
Young1968,"Young, Terry",LIB,222,11,2019,2025,4.954954954954955
Lyons1953,"Lyons, Geoff",ALP,263,11,2010,2013,4.182509505703422
Slipper1950,"Slipper, Peter (The DEPUTY SPEAKER)",LIB,55,11,2008,2011,20.0
Sharkie1972,"Sharkie, Rebekha",NXT,211,10,2016,2018,4.739336492890995
Rea1963,"Rea, Kerry",ALP,117,10,2008,2010,8.547008547008547
Connelly1978,"Connelly, Vince",LIB,172,9,2019,2022,5.232558139534884
Archer1975,"Archer, Bridget",LIB,304,9,2019,2025,2.960526315789474
West1952,"West, Andrea",LIB,20,9,1998,1998,45.0
Miles1947,"Miles, Chris",LIB,65,9,1998,1998,13.846153846153847
Sullivan1942,"Sullivan, Kathy",LIB,27,9,1998,2001,33.333333333333336
Matheson1958,"Matheson, Russell",LIB,225,8,2010,2016,3.5555555555555554
Cobb1945,"Cobb, Michael",NP,20,8,1998,1998,40.0
Rocher1936,"Rocher, Allan",IND,43,8,1998,1998,18.6046511627907
Katter1945,"Katter, Bob (Jr)",NP,55,8,1998,2001,14.545454545454545
Reith1950,"Reith, Peter (Leader of the House)",LIB,64,8,2000,2001,12.5
Baker1958,"Baker, Mark",LIB,99,8,2004,2007,8.080808080808081
Baird1942,Stage direction,LIB,12,8,2000,2006,66.66666666666667
Andrew1944,"Andrew, Neil",LIB,21,8,1998,1999,38.095238095238095
McVeigh1965,"McVeigh, John",LIB,222,8,2016,2020,3.6036036036036037
Crewther1983,"Crewther, Chris",LIB,220,8,2016,2019,3.6363636363636362
Mossfield1935,Stage direction,ALP,13,7,2000,2004,53.84615384615385
Morris1932,"Morris, Peter",ALP,24,7,1998,1998,29.166666666666668
McKew1953,"McKew, Maxine",ALP,74,7,2008,2010,9.45945945945946
Fawcett1963,"Fawcett, David",LIB,172,7,2004,2007,4.069767441860465
Corcoran1951,"Corcoran, Ann",ALP,124,7,2000,2007,5.645161290322581
Keay1975,"Keay, Justine",ALP,175,7,2016,2019,4.0
Zammit1941,"Zammit, Paul",IND,35,7,1998,1998,20.0
Smith1950,"Smith, Tony (Anthony Charles)",IND,33,7,1998,1998,21.21212121212121
Vasta1966,"Vasta, Ross (The DEPUTY SPEAKER)",LIB,87,6,2014,2025,6.896551724137931
Brown1933,"Brown, Bob, MP",ALP,22,6,1998,1998,27.272727272727273
Marek1964,"Marek, Paul",NP,19,6,1998,1998,31.57894736842105
Hart1960,"Hart, Ross",ALP,162,6,2016,2019,3.7037037037037037
Wallace1968,"Wallace, Andrew (The SPEAKER)",LIB,87,6,2021,2022,6.896551724137931
CameronEoin1951,"Cameron, Eoin",LIB,16,6,1998,1998,37.5
Holding1931,"Holding, Clyde",ALP,8,6,1998,1998,75.0
Wilkie1959,"Wilkie, Kim (The DEPUTY SPEAKER)",ALP,11,6,2002,2006,54.54545454545455
Bowen1973,Stage direction,ALP,8,6,2005,2010,75.0
Debus1943,"Debus, Bob",ALP,73,6,2008,2010,8.219178082191782
Smith1950,"Smith, Tony (Anthony Charles)",LIB,16,6,1998,1998,37.5
EvansRichard1953,"Evans, Richard",LIB,20,6,1998,1998,30.0
Ferguson1953,Stage direction,ALP,7,6,2003,2008,85.71428571428571
Martin1977,"Martin, Fiona",LIB,245,6,2019,2022,2.4489795918367347
Georganas1959,"Georganas, Steve (The DEPUTY SPEAKER)",ALP,47,6,2008,2024,12.76595744680851
Richardson1958,"Richardson, Kym",LIB,110,6,2004,2007,5.454545454545454
Thomson1964,"Thomson, Craig",IND,33,6,2012,2013,18.181818181818183
Claydon1964,"Laxale, Jerome",ALP,7,5,2022,2024,71.42857142857143
Slipper1950,"Slipper, Peter",IND,35,5,2012,2013,14.285714285714286
Causley1940,Stage direction,NP,50,5,2000,2007,10.0
Adams1951,"Adams, Dick (The DEPUTY SPEAKER)",ALP,30,5,2000,2013,16.666666666666668
Barresi1955,"Barresi, Phil (The DEPUTY SPEAKER)",LIB,14,5,2002,2007,35.714285714285715
Abbott1957,Stage direction,LIB,5,5,2004,2010,100.0
OConnor1962,Stage direction,ALP,6,5,2002,2011,83.33333333333333
Liu1964,"Liu, Gladys",LIB,181,4,2019,2022,2.2099447513812156
Swan1954,Stage direction,ALP,5,4,2008,2011,80.0
McLachlan1936,"McLachlan, Ian",LIB,7,4,1998,1998,57.142857142857146
ReidNicholas1935,"Reid, Bruce",LIB,16,4,1998,1998,25.0
Ferguson1952,Stage direction,ALP,5,4,2000,2010,80.0
Bevis1955,Stage direction,ALP,7,4,2002,2009,57.142857142857146
Trevor1961,"Trevor, Chris",ALP,113,4,2008,2010,3.5398230088495577
Hammond1968,"Hammond, Celia",LIB,212,4,2019,2022,1.8867924528301887
Danby1955,Stage direction,ALP,4,4,2001,2004,100.0
Thomson1955,"Thomson, Kelvin (The DEPUTY SPEAKER)",ALP,11,4,2008,2012,36.36363636363637
Claydon1964,"Violi, Aaron",LIB,8,4,2022,2025,50.0
Claydon1964,"Ware, Jenny",LIB,9,4,2023,2025,44.44444444444444
Vasta1966,"Chandler-Mather, Max",GRN,5,4,2022,2024,80.0
Claydon1964,"Willcox, Andrew",NP,7,4,2022,2024,57.142857142857146
Mutch1956,"Mutch, Stephen",LIB,15,4,1998,1998,26.666666666666668
Griffin1960,Stage direction,ALP,4,4,2006,2009,100.0
Theophanous1946,Stage direction,IND,5,4,2000,2001,80.0
Hawker1949,Stage direction,LIB,5,4,2000,2003,80.0
Costello1957,Stage direction,LIB,4,4,2002,2007,100.0
Claydon1964,"Chandler-Mather, Max",GRN,5,4,2023,2024,80.0
Crook1959,"Crook, Tony",NATS WA,79,4,2010,2013,5.063291139240507
Grace1940,"Grace, Elizabeth",LIB,31,4,1998,1998,12.903225806451612
Jenkins1952,Stage direction,ALP,44,3,1999,2007,6.818181818181818
Bird1962,"Bird, Sharon (The DEPUTY SPEAKER)",ALP,37,3,2008,2021,8.108108108108109
King1952,Stage direction,LIB,4,3,2003,2004,75.0
Lloyd1954,Stage direction,LIB,4,3,2002,2004,75.0
Kerr1952,Stage direction,ALP,3,3,2002,2003,100.0
Bishop1942,"Bishop, Bronwyn (The DEPUTY SPEAKER)",LIB,6,3,2004,2007,50.0
Cadman1937,Stage direction,LIB,3,3,2003,2003,100.0
Howard1939,Stage direction,LIB,4,3,2001,2004,75.0
Garrett1953,Stage direction,ALP,4,3,2006,2010,75.0
Secker1956,"Secker, Patrick (The DEPUTY SPEAKER)",LIB,3,3,2008,2009,100.0
Sharkie1972,"Lawrence, Tania",ALP,10,3,2022,2025,30.0
Freelander1953,"Bates, Stephen",GRN,3,3,2023,2023,100.0
Snowdon1950,Stage direction,ALP,3,3,2006,2011,100.0
Broadbent1950,"Broadbent, Russell (The DEPUTY SPEAKER)",LIB,40,3,2013,2017,7.5
Buchholz1968,"Tink, Kylea",IND,4,3,2023,2024,75.0
Dondas1939,"Dondas, Nick",CLP,21,3,1998,1998,14.285714285714286
Debus1943,Stage direction,ALP,4,3,2008,2008,75.0
Burke1966,Stage direction,ALP,16,3,2008,2011,18.75
Claydon1964,"Kennedy, Simon",LIB,4,3,2024,2025,75.0
Varvaris1974,"Varvaris, Nickolas",LIB,125,3,2013,2016,2.4
Claydon1964,"Charlton, Andrew",ALP,7,3,2023,2024,42.857142857142854
Adams1951,Stage direction,ALP,12,3,2000,2010,25.0
Wilkie1959,Stage direction,ALP,9,3,2000,2006,33.333333333333336
Campbell1972,"Campbell, Jodie",ALP,83,3,2008,2010,3.6144578313253013
Ruddock1943,Stage direction,LIB,3,3,2004,2007,100.0
Beazley1948,Stage direction,ALP,3,3,2000,2006,100.0
Hanson1954,"Hanson, Pauline",PHON,10,3,1998,1998,30.0
Hatton1951,"Hatton, Michael (The DEPUTY SPEAKER)",ALP,8,3,2005,2006,37.5
Georganas1959,"Chandler-Mather, Max",GRN,4,3,2022,2024,75.0
MitchellRobert1967,"Mitchell, Rob (The DEPUTY SPEAKER)",ALP,80,3,2013,2022,3.75
Archer1975,"Violi, Aaron",LIB,6,3,2024,2025,50.0
Buchholz1968,"Buchholz, Scott (The DEPUTY SPEAKER)",LIB,20,3,2016,2024,15.0
Gerick1963,"Gerick, Jane",ALP,62,3,1998,2001,4.838709677419355
Goodenough1975,"Goodenough, Ian (The DEPUTY SPEAKER)",LIB,98,3,2014,2024,3.061224489795918
Neal1963,"Neal, Belinda",ALP,107,3,2008,2010,2.803738317757009
Wilkie1961,"Chandler-Mather, Max",GRN,3,2,2023,2023,66.66666666666667
Vasta1966,"Ryan, Monique",IND,3,2,2023,2024,66.66666666666667
Vasta1966,"Tink, Kylea",IND,3,2,2022,2024,66.66666666666667
Wicks1973,"Wicks, Lucy (The DEPUTY SPEAKER)",LIB,23,2,2015,2021,8.695652173913043
Bandt1972,Stage direction,GRN,2,2,2010,2010,100.0
Wilkie1961,"Ananda-Rajah, Michelle",ALP,2,2,2022,2023,100.0
Wilkie1961,"Birrell, Sam",NP,2,2,2024,2024,100.0
Randall1953,"Randall, Don (The DEPUTY SPEAKER)",LIB,11,2,2014,2015,18.181818181818183
Vasta1966,"Garland, Carina",ALP,2,2,2024,2024,100.0
Wilkie1961,"Spender, Allegra",IND,4,2,2022,2024,50.0
Wilkie1961,"Ware, Jenny",LIB,4,2,2023,2025,50.0
Wilkie1961,"Wilkie, Andrew (The DEPUTY SPEAKER)",IND,3,2,2024,2024,66.66666666666667
Willis1938,"Willis, Ralph",ALP,8,2,1998,1998,25.0
Young1968,"Ananda-Rajah, Michelle",ALP,2,2,2023,2024,100.0
Young1968,"Burnell, Matt",ALP,6,2,2023,2024,33.333333333333336
Young1968,"Mascarenhas, Zaneta",ALP,6,2,2023,2025,33.333333333333336
McGauran1955,Stage direction,NP,3,2,2002,2007,66.66666666666667
Wilkie1961,"Fernando, Cassandra",ALP,3,2,2023,2024,66.66666666666667
Vamvakinou1959,"Daniel, Zoe",IND,4,2,2023,2024,50.0
Moylan1944,"Moylan, Judi (The DEPUTY SPEAKER)",LIB,6,2,2009,2010,33.333333333333336
Somlyay1946,"Somlyay, Alex (The DEPUTY SPEAKER)",LIB,5,2,2004,2006,40.0
Sawford1944,Stage direction,ALP,2,2,2000,2006,100.0
Archer1975,"Chandler-Mather, Max",GRN,2,2,2024,2024,100.0
Scott1943,Stage direction,NP,21,2,2003,2011,9.523809523809524
Sharkie1972,"Birrell, Sam",NP,2,2,2023,2025,100.0
Sharkie1972,"Rae, Sam",ALP,2,2,2023,2023,100.0
Sharkie1972,"Violi, Aaron",LIB,5,2,2022,2024,40.0
Archer1975,"Ware, Jenny",LIB,3,2,2024,2024,66.66666666666667
Somlyay1946,Stage direction,LIB,3,2,2006,2007,66.66666666666667
Vamvakinou1959,"Rae, Sam",ALP,2,2,2023,2024,100.0
Nairn1951,Stage direction,LIB,2,2,2007,2007,100.0
Murphy1950,Stage direction,ALP,3,2,2002,2010,66.66666666666667
Taylor1938,"Taylor, Bill",LIB,30,2,1998,1998,6.666666666666667
Andren1946,Stage direction,IND,2,2,2002,2003,100.0
Thomson1955,Stage direction,ALP,6,2,2008,2011,33.333333333333336
Vaile1956,Stage direction,NP,2,2,2001,2006,100.0
Saffin1954,Stage direction,ALP,6,2,2009,2010,33.333333333333336
Stevens1983,"Birrell, Sam",NP,3,2,2022,2024,66.66666666666667
McDougall1946,"McDougall, Graeme",LIB,17,2,1998,1998,11.764705882352942
Brough1961,Stage direction,LIB,2,2,2004,2007,100.0
Claydon1964,"Scrymgour, Marion",ALP,6,2,2022,2024,33.333333333333336
Elliot1967,Stage direction,ALP,2,2,2005,2006,100.0
Freelander1953,"Le, Dai",IND,3,2,2022,2024,66.66666666666667
Johnston1943,"Johnston, Ricky",LIB,13,2,1998,1998,15.384615384615385
Buchholz1968,"Bates, Stephen",GRN,2,2,2022,2024,100.0
Goodenough1975,"Spender, Allegra",IND,3,2,2022,2024,66.66666666666667
Irwin1951,Stage direction,ALP,2,2,2002,2003,100.0
Claydon1964,"McKenzie, Zoe",LIB,5,2,2023,2025,40.0
Goodenough1975,"Tink, Kylea",IND,2,2,2023,2024,100.0
Freelander1953,"Kennedy, Simon",LIB,2,2,2024,2024,100.0
Emerson1954,Stage direction,ALP,2,2,2008,2010,100.0
Buchholz1968,"Ryan, Monique",IND,2,2,2022,2024,100.0
Claydon1964,"Ananda-Rajah, Michelle",ALP,7,2,2022,2024,28.571428571428573
Claydon1964,"Bates, Stephen",GRN,6,2,2023,2024,33.333333333333336
Claydon1964,"Birrell, Sam",NP,2,2,2025,2025,100.0
Freelander1953,"Daniel, Zoe",IND,2,2,2023,2025,100.0
Hicks1940,"Hicks, Noel",NP,13,2,1998,1998,15.384615384615385
Henderson1964,"Henderson, Sarah (The DEPUTY SPEAKER)",LIB,3,2,2015,2016,66.66666666666667
Claydon1964,"Burnell, Matt",ALP,7,2,2022,2024,28.571428571428573
Claydon1964,"Byrnes, Alison",ALP,5,2,2022,2025,40.0
Hawker1949,"Hawker, David (The DEPUTY SPEAKER)",LIB,9,2,2000,2003,22.22222222222222
Freelander1953,"Burnell, Matt",ALP,3,2,2023,2024,66.66666666666667
Freelander1953,"Miller-Frost, Louise",ALP,2,2,2023,2024,100.0
Johnson1970,Stage direction,LIB,3,2,2002,2005,66.66666666666667
Freelander1953,"Reid, Gordon",ALP,3,2,2022,2025,66.66666666666667
Freelander1953,"Spender, Allegra",IND,4,2,2023,2024,50.0
Goodenough1975,"Bates, Stephen",GRN,2,2,2022,2023,100.0
Crosio1939,Stage direction,ALP,3,2,2000,2001,66.66666666666667
Goodenough1975,"Chandler-Mather, Max",GRN,2,2,2022,2025,100.0
Champion1972,Stage direction,ALP,2,2,2010,2010,100.0
Goodenough1975,"Daniel, Zoe",IND,4,2,2023,2024,50.0
Goodenough1975,"Le, Dai",IND,2,2,2023,2023,100.0
Dondas1939,Stage direction,CLP,2,2,1998,1998,100.0
Claydon1964,"Wolahan, Keith",LIB,5,2,2023,2023,40.0
Freelander1953,"Tink, Kylea",IND,2,2,2023,2023,100.0
Hartsuyker1959,Stage direction,NP,2,2,2005,2006,100.0
Kelly1954,Stage direction,NP,6,2,1998,2007,33.333333333333336
Chesters1980,"Byrnes, Alison",ALP,4,2,2023,2025,50.0
Katter1945,Stage direction,IND,4,2,2004,2010,50.0
Edwards1946,Stage direction,ALP,3,2,2000,2006,66.66666666666667
Claydon1964,"Watson-Brown, Elizabeth",GRN,3,2,2024,2024,66.66666666666667
Kelly1963,"Kelly, Craig (The DEPUTY SPEAKER)",LIB,21,2,2014,2017,9.523809523809524
Stevens1983,"Lim, Sam",ALP,1,1,2024,2024,100.0
Smith1955,Stage direction,ALP,1,1,2010,2010,100.0
Archer1975,"Ananda-Rajah, Michelle",ALP,3,1,2023,2024,33.333333333333336
Smith1967,Stage direction,LIB,2,1,2004,2004,50.0
Buchholz1968,"Le, Dai",IND,1,1,2024,2024,100.0
Stevens1983,"Ryan, Monique",IND,1,1,2024,2024,100.0
Andrews1955,Stage direction,LIB,2,1,2004,2009,50.0
Buchholz1968,"Willcox, Andrew",NP,1,1,2024,2024,100.0
Buchholz1968,"Mascarenhas, Zaneta",ALP,1,1,2023,2023,100.0
Stevens1983,"Laxale, Jerome",ALP,1,1,2024,2024,100.0
Stevens1983,"Reid, Gordon",ALP,2,1,2023,2024,50.0
Buchholz1968,"Spender, Allegra",IND,1,1,2022,2022,100.0
Buchholz1968,"Rae, Sam",ALP,2,1,2023,2024,50.0
Buchholz1968,"Sitou, Sally",ALP,1,1,2022,2022,100.0
Stevens1983,"Ware, Jenny",LIB,1,1,2023,2023,100.0
Fahey1945,Stage direction,LIB,1,1,2000,2000,100.0
Dutton1970,Stage direction,LIB,1,1,2010,2010,100.0
Buchholz1968,"Scamps, Sophie",IND,1,1,2024,2024,100.0
Southcott1967,Stage direction,LIB,2,1,2000,2001,50.0
Freelander1953,"Fernando, Cassandra",ALP,1,1,2023,2023,100.0
Freelander1953,"Boyce, Colin",NP,3,1,2022,2024,33.333333333333336
Sharkie1972,"Ananda-Rajah, Michelle",ALP,3,1,2022,2023,33.333333333333336
Freelander1953,"Rae, Sam",ALP,4,1,2022,2023,25.0
Schultz1939,Stage direction,LIB,8,1,2008,2010,12.5
Freelander1953,"Sitou, Sally",ALP,3,1,2022,2023,33.333333333333336
Saffin1954,"Saffin, Janelle (The DEPUTY SPEAKER)",ALP,4,1,2008,2010,25.0
Freelander1953,"Violi, Aaron",LIB,3,1,2022,2024,33.333333333333336
Freelander1953,"Ware, Jenny",LIB,4,1,2022,2023,25.0
Ruddock1943,The SPEAKER,LIB,1,1,2007,2007,100.0
Freelander1953,"Watson-Brown, Elizabeth",GRN,3,1,2022,2024,33.333333333333336
Archer1975,"Chaney, Kate",IND,1,1,2024,2024,100.0
Rudd1957,Stage direction,ALP,3,1,2002,2004,33.333333333333336
Freelander1953,"Wolahan, Keith",LIB,2,1,2022,2023,50.0
Roxon1967,Stage direction,ALP,1,1,2010,2010,100.0
Archer1975,"Daniel, Zoe",IND,2,1,2024,2024,50.0
Buchholz1968,"Daniel, Zoe",IND,1,1,2023,2023,100.0
Gallus1943,Stage direction,LIB,1,1,2000,2000,100.0
Sercombe1949,Stage direction,ALP,1,1,2000,2000,100.0
Sharkie1972,"Boyce, Colin",NP,1,1,2022,2022,100.0
Slipper1950,Stage direction,LIB,13,1,2008,2011,7.6923076923076925
Sharkie1972,"Byrnes, Alison",ALP,2,1,2022,2022,50.0
Freelander1953,"Caldwell, Cameron",LIB,1,1,2024,2024,100.0
Freelander1953,"Chandler-Mather, Max",GRN,2,1,2024,2024,50.0
Archer1975,"Belyea, Jodie",ALP,2,1,2024,2024,50.0
DAth1970,"D'Ath, Yvette (The DEPUTY SPEAKER)",ALP,6,1,2012,2012,16.666666666666668
Sidebottom1951,Stage direction,ALP,5,1,2000,2010,20.0
Sidebottom1951,"Sidebottom, Sid (The DEPUTY SPEAKER)",ALP,4,1,2009,2011,25.0
Shorten1967,Stage direction,ALP,1,1,2010,2010,100.0
Short1956,"Short, Leonie",ALP,9,1,2001,2001,11.11111111111111
Sharkie1972,"Sitou, Sally",ALP,1,1,2023,2023,100.0
Freelander1953,"Freelander, Mike (The DEPUTY SPEAKER)",ALP,17,1,2021,2025,5.882352941176471
Sharkie1972,"Scamps, Sophie",IND,2,1,2023,2024,50.0
Sharkie1972,"Pike, Henry",LIB,1,1,2022,2022,100.0
Sharkie1972,"Mascarenhas, Zaneta",ALP,1,1,2024,2024,100.0
Freelander1953,"Laxale, Jerome",ALP,4,1,2023,2024,25.0
Sharkie1972,"Fernando, Cassandra",ALP,2,1,2024,2024,50.0
Dargavel1966,"Dargavel, Steve",ALP,3,1,1998,1998,33.333333333333336
Claydon1964,"Sitou, Sally",ALP,1,1,2024,2024,100.0
Andrews1955,"Andrews, Kevin (The DEPUTY SPEAKER)",LIB,44,1,1998,2022,2.272727272727273
Wilkie1961,"Miller-Frost, Louise",ALP,3,1,2022,2024,33.333333333333336
Chesters1980,"Mascarenhas, Zaneta",ALP,2,1,2023,2023,50.0
Williams1942,Stage direction,LIB,1,1,2003,2003,100.0
Chesters1980,"Pike, Henry",LIB,1,1,2023,2023,100.0
Wilkie1961,"Violi, Aaron",LIB,3,1,2022,2023,33.333333333333336
Wilkie1961,"Repacholi, Dan",ALP,2,1,2023,2024,50.0
Wilkie1961,"Reid, Gordon",ALP,2,1,2022,2023,50.0
Wilkie1961,"Mascarenhas, Zaneta",ALP,3,1,2022,2023,33.333333333333336
Chesters1980,"Willcox, Andrew",NP,2,1,2022,2024,50.0
Wilkie1961,"Kennedy, Simon",LIB,1,1,2024,2024,100.0
Wilkie1961,"Garland, Carina",ALP,1,1,2023,2023,100.0
Wilkie1961,"Daniel, Zoe",IND,2,1,2022,2023,50.0
Wilkie1961,"Charlton, Andrew",ALP,2,1,2023,2024,50.0
Wilkie1961,"Burnell, Matt",ALP,3,1,2023,2025,33.333333333333336
Chesters1980,"Sitou, Sally",ALP,1,1,2023,2023,100.0
Chesters1980,"Kennedy, Simon",LIB,1,1,2025,2025,100.0
Chesters1980,"Chesters, Lisa (The DEPUTY SPEAKER)",ALP,14,1,2023,2025,7.142857142857143
Windsor1950,Stage direction,IND,1,1,2006,2006,100.0
Young1968,"Daniel, Zoe",IND,1,1,2023,2023,100.0
Young1968,"Fernando, Cassandra",ALP,2,1,2023,2024,50.0
Young1968,"Kennedy, Simon",LIB,1,1,2024,2024,100.0
Young1968,"Laxale, Jerome",ALP,3,1,2024,2024,33.333333333333336
Chesters1980,"Bates, Stephen",GRN,1,1,2025,2025,100.0
Young1968,"Pike, Henry",LIB,2,1,2024,2024,50.0
Young1968,"Rae, Sam",ALP,1,1,2024,2024,100.0
Young1968,"Repacholi, Dan",ALP,2,1,2024,2025,50.0
Young1968,"Ryan, Monique",IND,4,1,2023,2025,25.0
Young1968,"Scrymgour, Marion",ALP,1,1,2023,2023,100.0
Young1968,"Violi, Aaron",LIB,2,1,2024,2024,50.0
Zappia1952,Stage direction,ALP,1,1,2011,2011,100.0
Byrne1962,Stage direction,ALP,2,1,2009,2010,50.0
Zimmerman1968,"Zimmerman, Trent (The DEPUTY SPEAKER)",LIB,17,1,2019,2022,5.882352941176471
Chesters1980,"Violi, Aaron",LIB,1,1,2024,2024,100.0
Chesters1980,"Wolahan, Keith",LIB,1,1,2022,2022,100.0
Crean1949,Stage direction,ALP,1,1,2010,2010,100.0
Claydon1964,"Roberts, Tracey",ALP,4,1,2023,2024,25.0
Vamvakinou1959,"Scamps, Sophie",IND,3,1,2022,2023,33.333333333333336
Claydon1964,"Le, Dai",IND,4,1,2022,2025,25.0
Vamvakinou1959,"Bates, Stephen",GRN,1,1,2024,2024,100.0
Claydon1964,"Miller-Frost, Louise",ALP,3,1,2023,2023,33.333333333333336
Claydon1964,"Rae, Sam",ALP,5,1,2023,2024,20.0
Claydon1964,"Reid, Gordon",ALP,5,1,2022,2023,20.0
Claydon1964,"Ryan, Monique",IND,3,1,2022,2022,33.333333333333336
Butler1970,Stage direction,ALP,1,1,2010,2010,100.0
Archer1975,"Laxale, Jerome",ALP,2,1,2024,2025,50.0
Cobb1950,"Cobb, John (The DEPUTY SPEAKER)",NP,2,1,2016,2016,50.0
Cobb1950,Stage direction,NP,1,1,2002,2002,100.0
Thompson1960,Stage direction,LIB,1,1,2003,2003,100.0
Combet1958,Stage direction,ALP,1,1,2009,2009,100.0
Coulton1958,"Coulton, Mark (The DEPUTY SPEAKER)",NP,53,1,2016,2021,1.8867924528301887
Claydon1964,"Garland, Carina",ALP,6,1,2022,2024,16.666666666666668
Vamvakinou1959,"Vamvakinou, Maria (The DEPUTY SPEAKER)",ALP,29,1,2011,2025,3.4482758620689653
Vamvakinou1959,"Willcox, Andrew",NP,1,1,2024,2024,100.0
Vamvakinou1959,"Wolahan, Keith",LIB,2,1,2023,2023,50.0
Vasta1966,"Birrell, Sam",NP,1,1,2024,2024,100.0
Vasta1966,"Chaney, Kate",IND,4,1,2022,2024,25.0
Claydon1964,"Daniel, Zoe",IND,3,1,2022,2024,33.333333333333336
Vasta1966,"Le, Dai",IND,1,1,2023,2023,100.0
Vasta1966,"Rae, Sam",ALP,1,1,2023,2023,100.0
Vasta1966,"Spender, Allegra",IND,4,1,2022,2025,25.0
Claydon1964,"Claydon, Sharon (The DEPUTY SPEAKER)",ALP,66,1,2017,2025,1.5151515151515151
Vasta1966,"Violi, Aaron",LIB,1,1,2024,2024,100.0
Vasta1966,"Ware, Jenny",LIB,1,1,2024,2024,100.0
Vasta1966,"Willcox, Andrew",NP,1,1,2024,2024,100.0
Claydon1964,"Caldwell, Cameron",LIB,2,1,2024,2024,50.0
Washer1945,"Washer, Mal (The DEPUTY SPEAKER)",LIB,5,1,2008,2009,20.0
Clare1972,Stage direction,ALP,1,1,2010,2010,100.0
Rishworth1978,"Rishworth, Amanda (The DEPUTY SPEAKER)",ALP,6,1,2012,2013,16.666666666666668
Kemp1941,Stage direction,LIB,1,1,2001,2001,100.0
Ripoll1966,Stage direction,ALP,1,1,2003,2003,100.0
Kelly1954,"Kelly, De-Anne (The DEPUTY SPEAKER)",NP,2,1,2000,2000,50.0
McMullan1947,"McMullan, Bob (The DEPUTY SPEAKER)",ALP,4,1,2005,2006,25.0
Hollis1938,Stage direction,ALP,3,1,2000,2001,33.333333333333336
Payne1964,"Chandler-Mather, Max",GRN,1,1,2023,2023,100.0
Hull1954,Stage direction,NP,1,1,2000,2000,100.0
Briggs1977,Stage direction,LIB,1,1,2010,2010,100.0
Hunt1965,Stage direction,LIB,3,1,2003,2004,33.333333333333336
Bradford1946,"Bradford, John",LIB,5,1,1998,1998,20.0
Payne1964,"Repacholi, Dan",ALP,5,1,2023,2023,20.0
Banks1962,"Banks, Julia",IND,5,1,2018,2019,20.0
Payne1964,"Tink, Kylea",IND,1,1,2023,2023,100.0
Johnson1970,"Johnson, Michael",IND,4,1,2010,2010,25.0
Payne1964,"Violi, Aaron",LIB,3,1,2024,2025,33.333333333333336
Payne1964,"Ware, Jenny",LIB,3,1,2023,2023,33.333333333333336
JonesBarry1932,"Jones, Barry",ALP,6,1,1998,1998,16.666666666666668
Payne1964,"Wolahan, Keith",LIB,1,1,2023,2023,100.0
Georganas1959,Stage direction,ALP,7,1,2008,2011,14.285714285714286
McArthur1937,Stage direction,LIB,1,1,2002,2002,100.0
Pearce1963,Stage direction,LIB,2,1,2002,2005,50.0
Jull1944,Stage direction,LIB,1,1,2004,2004,100.0
May1950,Stage direction,LIB,4,1,2005,2010,25.0
Georganas1959,"Scamps, Sophie",IND,2,1,2023,2024,50.0
Hogan1963,"Hogan, Kevin (The DEPUTY SPEAKER)",NP,56,1,2016,2019,1.7857142857142858
Hockey1965,Stage direction,LIB,1,1,2011,2011,100.0
Georganas1959,"Violi, Aaron",LIB,1,1,2024,2024,100.0
Goodenough1975,"Burnell, Matt",ALP,1,1,2024,2024,100.0
Nehl1934,"Nehl, Garry (The DEPUTY SPEAKER)",NP,38,1,1998,2001,2.6315789473684212
Hall1949,Stage direction,ALP,2,1,2001,2010,50.0
Moylan1944,Stage direction,LIB,11,1,2000,2010,9.090909090909092
Archer1975,"Mascarenhas, Zaneta",ALP,2,1,2024,2024,50.0
Goodenough1975,"Ryan, Monique",IND,2,1,2022,2022,50.0
Neville1940,Stage direction,NP,1,1,2002,2002,100.0
Goodenough1975,"Miller-Frost, Louise",ALP,1,1,2024,2024,100.0
Hastie1982,"Hastie, Andrew (The DEPUTY SPEAKER)",LIB,10,1,2017,2019,10.0
Goodenough1975,"Chaney, Kate",IND,2,1,2024,2024,50.0
Gillespie1957,"Gillespie, David (The DEPUTY SPEAKER)",NP,9,1,2019,2021,11.11111111111111
Georganas1959,"Watson-Brown, Elizabeth",GRN,2,1,2022,2023,50.0
ONeil1980,"O'Neil, Clare (The DEPUTY SPEAKER)",ALP,1,1,2016,2016,100.0
Buchholz1968,"Burnell, Matt",ALP,3,1,2022,2024,33.333333333333336
Buchholz1968,"Ananda-Rajah, Michelle",ALP,1,1,2023,2023,100.0
Buchholz1968,"Chaney, Kate",IND,1,1,2023,2023,100.0
Gibbons1949,Stage direction,ALP,1,1,2005,2005,100.0
Georgiou1947,Stage direction,LIB,1,1,2008,2008,100.0
Organ1956,Stage direction,GRN,2,1,2004,2004,50.0
Baldwin1955,Stage direction,LIB,3,1,2002,2005,33.333333333333336
Hayes1955,Stage direction,ALP,1,1,2011,2011,100.0
Bishop1942,Stage direction,LIB,10,1,2006,2007,10.0
Payne1964,"Scrymgour, Marion",ALP,3,1,2023,2025,33.333333333333336
Grierson1951,"Grierson, Sharon (The DEPUTY SPEAKER)",ALP,5,1,2012,2013,20.0
Price1963,"Price, Melissa (The DEPUTY SPEAKER)",LIB,3,1,2016,2017,33.333333333333336
Gash1944,Stage direction,LIB,2,1,2001,2003,50.0
Gee1968,"Gee, Andrew (The DEPUTY SPEAKER)",NP,4,1,2018,2018,25.0
Georganas1959,"Mascarenhas, Zaneta",ALP,2,1,2024,2025,50.0
Prentice1953,"Prentice, Jane (The DEPUTY SPEAKER)",LIB,10,1,2015,2016,10.0
Archer1975,"Miller-Frost, Louise",ALP,1,1,2023,2023,100.0
Barresi1955,Stage direction,LIB,5,1,2002,2006,20.0
Macklin1953,Stage direction,ALP,1,1,2010,2010,100.0
Bevis1955,"Bevis, Arch (The DEPUTY SPEAKER)",ALP,3,1,2008,2010,33.333333333333336
Leigh1972,"Leigh, Andrew (The DEPUTY SPEAKER)",ALP,5,1,2012,2012,20.0
Georganas1959,"Bates, Stephen",GRN,2,1,2022,2025,50.0
Archer1975,"Repacholi, Dan",ALP,1,1,2025,2025,100.0
Price1945,"Price, Roger (The DEPUTY SPEAKER)",ALP,5,1,2002,2004,20.0
Quick1941,"Quick, Harry (The DEPUTY SPEAKER)",ALP,3,1,2000,2001,33.333333333333336
Pyne1967,Stage direction,LIB,2,1,2003,2011,50.0
Laundy1971,"Laundy, Craig (The DEPUTY SPEAKER)",LIB,3,1,2018,2019,33.333333333333336
Quick1941,Stage direction,ALP,4,1,2004,2007,25.0
Quick1941,"Quick, Harry",IND,4,1,2007,2007,25.0
Lawrence1948,Stage direction,ALP,1,1,2000,2000,100.0
Latham1961,Stage direction,ALP,1,1,2002,2002,100.0
Vasta1966,"Wolahan, Keith",LIB,1,0,2022,2022,0.0
Wallace1968,"Wallace, Andrew (The DEPUTY SPEAKER)",LIB,10,0,2020,2021,0.0
Livermore1969,"Livermore, Kirsten (The DEPUTY SPEAKER)",ALP,9,0,2011,2013,0.0
Claydon1964,"Chaney, Kate",IND,2,0,2024,2024,0.0
Hawke1977,"Hawke, Alex (The DEPUTY SPEAKER)",LIB,2,0,2014,2015,0.0
Young1968,"Willcox, Andrew",NP,1,0,2024,2024,0.0
Baldwin1955,"Baldwin, Bob (The DEPUTY SPEAKER)",LIB,1,0,2005,2005,0.0
Cheeseman1976,"Cheeseman, Darren (The DEPUTY SPEAKER)",ALP,1,0,2013,2013,0.0
Hatton1951,Stage direction,ALP,1,0,2006,2006,0.0
Young1968,"Young, Terry (The DEPUTY SPEAKER)",LIB,2,0,2022,2024,0.0
Vasta1966,"Watson-Brown, Elizabeth",GRN,1,0,2024,2024,0.0
Claydon1964,"Clutterham, Claire",ALP,1,0,2025,2025,0.0
Young1968,"Watson-Brown, Elizabeth",GRN,1,0,2024,2024,0.0
Chesters1980,"Ananda-Rajah, Michelle",ALP,2,0,2022,2024,0.0
Buchholz1968,"Birrell, Sam",NP,1,0,2022,2022,0.0
Mossfield1935,"Mossfield, Frank (The DEPUTY SPEAKER)",ALP,5,0,1999,2001,0.0
Vasta1966,"Boyce, Colin",NP,1,0,2022,2022,0.0
Vamvakinou1959,"Scrymgour, Marion",ALP,2,0,2023,2023,0.0
Vamvakinou1959,Stage direction,ALP,1,0,2010,2010,0.0
Griggs1969,"Griggs, Natasha (The DEPUTY SPEAKER)",CLP,9,0,2013,2015,0.0
Haase1945,"Haase, Barry (The DEPUTY SPEAKER)",LIB,3,0,2006,2006,0.0
Vamvakinou1959,"Violi, Aaron",LIB,1,0,2022,2022,0.0
Haase1945,Stage direction,LIB,1,0,2006,2006,0.0
Murphy1950,"Murphy, John (The DEPUTY SPEAKER)",ALP,4,0,2011,2013,0.0
Claydon1964,"French, Tom",ALP,1,0,2025,2025,0.0
Vasta1966,"Ananda-Rajah, Michelle",ALP,1,0,2022,2022,0.0
Lindsay1944,Stage direction,LIB,3,0,2004,2004,0.0
Baldwin1951,"Baldwin, Peter",ALP,1,0,1998,1998,0.0
Claydon1964,"Fernando, Cassandra",ALP,6,0,2023,2025,0.0
Claydon1964,"Cook, Trish",ALP,1,0,2025,2025,0.0
Cameron1965,Stage direction,LIB,1,0,2000,2000,0.0
Vasta1966,"Fernando, Cassandra",ALP,1,0,2023,2023,0.0
Beazley1948,"Beazley, Kim (Jr) (The DEPUTY SPEAKER)",ALP,4,0,2004,2004,0.0
Vasta1966,"Kennedy, Simon",LIB,1,0,2024,2024,0.0
Vasta1966,"Lawrence, Tania",ALP,1,0,2023,2023,0.0
Vasta1966,"Laxale, Jerome",ALP,2,0,2023,2024,0.0
Halverson1937,"Halverson, Bob",LIB,4,0,1998,1998,0.0
Vasta1966,"McKenzie, Zoe",LIB,1,0,2023,2023,0.0
Vasta1966,"Miller-Frost, Louise",ALP,1,0,2022,2022,0.0
Washer1945,Stage direction,LIB,1,0,2008,2008,0.0
Vasta1966,"Roberts, Tracey",ALP,1,0,2022,2022,0.0
Young1968,"Tink, Kylea",IND,2,0,2022,2024,0.0
Windsor1950,"Windsor, Tony (The DEPUTY SPEAKER)",IND,4,0,2012,2012,0.0
Young1968,"Spender, Allegra",IND,1,0,2023,2023,0.0
Jones1960,"Jones, Ewen (The DEPUTY SPEAKER)",LIB,4,0,2014,2015,0.0
Wilkie1961,"Roberts, Tracey",ALP,1,0,2024,2024,0.0
Wilkie1961,"Ryan, Monique",IND,1,0,2023,2023,0.0
Wilkie1961,"Scamps, Sophie",IND,1,0,2022,2022,0.0
Kerr1952,"Kerr, Duncan (The DEPUTY SPEAKER)",ALP,3,0,2006,2007,0.0
Young1968,"Caldwell, Cameron",LIB,1,0,2024,2024,0.0
Wilkie1961,"Sitou, Sally",ALP,1,0,2023,2023,0.0
Chesters1980,"Roberts, Tracey",ALP,2,0,2022,2023,0.0
Chesters1980,"Belyea, Jodie",ALP,1,0,2025,2025,0.0
Chesters1980,"Rae, Sam",ALP,2,0,2022,2023,0.0
Chesters1980,"Boele, Nicolette",IND,1,0,2025,2025,0.0
Chesters1980,"Miller-Frost, Louise",ALP,3,0,2023,2025,0.0
Wilkie1961,"Wolahan, Keith",LIB,2,0,2023,2024,0.0
Chesters1980,"Briskey, Jo",ALP,1,0,2025,2025,0.0
May1950,"May, Margaret (The DEPUTY SPEAKER)",LIB,1,0,2010,2010,0.0
Chesters1980,"Lim, Sam",ALP,1,0,2023,2023,0.0
Chesters1980,"Burnell, Matt",ALP,1,0,2025,2025,0.0
Chesters1980,"Lawrence, Tania",ALP,1,0,2024,2024,0.0
Abbott1957,The SPEAKER,LIB,2,0,2002,2004,0.0
Wilson1966,"Wilson, Rick (The DEPUTY SPEAKER)",LIB,1,0,2020,2020,0.0
Chesters1980,"Garland, Carina",ALP,3,0,2023,2025,0.0
Chesters1980,"Fernando, Cassandra",ALP,1,0,2023,2023,0.0
Bird1962,Stage direction,ALP,5,0,2008,2011,0.0
Billson1966,Stage direction,LIB,1,0,2010,2010,0.0
Young1968,"Lawrence, Tania",ALP,1,0,2022,2022,0.0
King1966,"King, Catherine (The DEPUTY SPEAKER)",ALP,1,0,2017,2017,0.0
Claydon1964,"Briskey, Jo",ALP,1,0,2025,2025,0.0
Wilkie1961,"McKenzie, Zoe",LIB,1,0,2023,2023,0.0
Livermore1969,Stage direction,ALP,2,0,2010,2011,0.0
Young1968,"Scamps, Sophie",IND,1,0,2024,2024,0.0
Claydon1964,"Boyce, Colin",NP,1,0,2022,2022,0.0
Chesters1980,"Chaney, Kate",IND,1,0,2024,2024,0.0
Hollis1938,"Hollis, Colin (The DEPUTY SPEAKER)",ALP,1,0,2000,2000,0.0
Claydon1964,"Ambihaipahar, Ash",ALP,1,0,2025,2025,0.0
Whiteley1960,"Whiteley, Brett (The DEPUTY SPEAKER)",LIB,6,0,2014,2015,0.0
McMullan1947,Stage direction,ALP,2,0,2005,2005,0.0
Young1968,"Reid, Gordon",ALP,2,0,2024,2024,0.0
Howarth1972,"Howarth, Luke (The DEPUTY SPEAKER)",LIB,7,0,2017,2019,0.0
Chesters1980,"Tink, Kylea",IND,1,0,2022,2022,0.0
Lyons1953,"Lyons, Geoff (The DEPUTY SPEAKER)",ALP,5,0,2012,2013,0.0
Landry1962,"Landry, Michelle (The DEPUTY SPEAKER)",NP,4,0,2015,2015,0.0
Chesters1980,"Scamps, Sophie",IND,1,0,2023,2023,0.0
Wilkie1961,"Chaney, Kate",IND,3,0,2023,2024,0.0
Young1968,"Lim, Sam",ALP,1,0,2025,2025,0.0
McGauran1957,"McGauran, Julian",NP,1,0,2003,2003,0.0
Chesters1980,"Ryan, Monique",IND,1,0,2024,2024,0.0
Irons1958,"Irons, Steve (The DEPUTY SPEAKER)",LIB,25,0,2015,2021,0.0
Wilkie1961,"Laxale, Jerome",ALP,2,0,2023,2024,0.0
Wilkie1961,"Lim, Sam",ALP,1,0,2023,2023,0.0
Vamvakinou1959,"Ryan, Monique",IND,2,0,2022,2023,0.0
Jeanes1958,"Jeanes, Susan",LIB,9,0,1998,1998,0.0
McVeigh1965,"McVeigh, John (The DEPUTY SPEAKER)",LIB,4,0,2019,2020,0.0
Nelson1958,The SPEAKER,LIB,1,0,2004,2004,0.0
Vamvakinou1959,"Repacholi, Dan",ALP,1,0,2022,2022,0.0
Lindsay1944,"Lindsay, Peter (The DEPUTY SPEAKER)",LIB,5,0,2003,2006,0.0
Sharkie1972,"Le, Dai",IND,3,0,2023,2024,0.0
Pitt1969,"Pitt, Keith (The DEPUTY SPEAKER)",NP,1,0,2016,2016,0.0
Georganas1959,"Repacholi, Dan",ALP,1,0,2022,2022,0.0
Freelander1953,"Lawrence, Tania",ALP,3,0,2023,2025,0.0
Sharkie1972,"Repacholi, Dan",ALP,3,0,2022,2024,0.0
Sharkie1972,"Roberts, Tracey",ALP,4,0,2022,2024,0.0
Sharkie1972,"Ryan, Monique",IND,1,0,2023,2023,0.0
Georganas1959,"Roberts, Tracey",ALP,1,0,2022,2022,0.0
Phelps1957,"Phelps, Kerryn",IND,25,0,2018,2019,0.0
Archer1975,"Spender, Allegra",IND,2,0,2024,2024,0.0
Sharkie1972,"Sharkie, Rebekha (The DEPUTY SPEAKER)",CA,5,0,2022,2024,0.0
Sharkie1972,"Spender, Allegra",IND,1,0,2025,2025,0.0
Sharkie1972,"Tink, Kylea",IND,2,0,2023,2023,0.0
Sharkie1972,"Ware, Jenny",LIB,3,0,2023,2023,0.0
Archer1975,"Roberts, Tracey",ALP,2,0,2024,2024,0.0
Freelander1953,"Doyle, Mary",ALP,1,0,2024,2024,0.0
Sharp1954,"Sharp, John",NP,2,0,1998,1998,0.0
Archer1975,"Burnell, Matt",ALP,2,0,2023,2024,0.0
Georganas1959,"Spender, Allegra",IND,1,0,2024,2024,0.0
Archer1975,"Boyce, Colin",NP,1,0,2024,2024,0.0
Payne1982,"Payne, Alicia (The DEPUTY SPEAKER)",ALP,1,0,2023,2023,0.0
Freelander1953,"Charlton, Andrew",ALP,1,0,2023,2023,0.0
Freelander1953,"Chaney, Kate",IND,2,0,2023,2025,0.0
Payne1964,"Willcox, Andrew",NP,1,0,2023,2023,0.0
Payne1964,"Watson-Brown, Elizabeth",GRN,1,0,2024,2024,0.0
Small1988,"Small, Ben",LIB,6,0,2025,2025,0.0
Freelander1953,"Byrnes, Alison",ALP,1,0,2022,2022,0.0
Payne1964,"Sitou, Sally",ALP,1,0,2023,2023,0.0
Sharkie1972,"Laxale, Jerome",ALP,6,0,2022,2025,0.0
Sharkie1972,"Garland, Carina",ALP,1,0,2024,2024,0.0
Freelander1953,"Belyea, Jodie",ALP,1,0,2024,2024,0.0
Archer1975,"Rae, Sam",ALP,2,0,2023,2025,0.0
Archer1975,"Lawrence, Tania",ALP,2,0,2023,2024,0.0
Archer1975,"Garland, Carina",ALP,1,0,2024,2024,0.0
Gambaro1958,"Gambaro, Teresa (The DEPUTY SPEAKER)",LIB,2,0,2002,2002,0.0
Buchholz1968,"Charlton, Andrew",ALP,1,0,2022,2022,0.0
Gash1944,"Gash, Joanna (The DEPUTY SPEAKER)",LIB,6,0,2000,2001,0.0
Archer1975,"Charlton, Andrew",ALP,1,0,2024,2024,0.0
Georganas1959,"Ananda-Rajah, Michelle",ALP,1,0,2023,2023,0.0
Ramsey1956,"Ramsey, Rowan (The DEPUTY SPEAKER)",LIB,1,0,2010,2010,0.0
Georganas1959,"Birrell, Sam",NP,1,0,2022,2022,0.0
Georganas1959,"Boyce, Colin",NP,1,0,2023,2023,0.0
Georganas1959,"Chaney, Kate",IND,1,0,2024,2024,0.0
Freelander1953,"Scrymgour, Marion",ALP,1,0,2025,2025,0.0
Schultz1939,"Schultz, Alby (The DEPUTY SPEAKER)",LIB,1,0,2009,2009,0.0
Freelander1953,"Scamps, Sophie",IND,5,0,2023,2025,0.0
Sharkie1972,"Doyle, Mary",ALP,1,0,2024,2024,0.0
Freelander1953,"Ryan, Monique",IND,3,0,2024,2024,0.0
Freelander1953,"Roberts, Tracey",ALP,2,0,2022,2024,0.0
Freelander1953,"Repacholi, Dan",ALP,1,0,2022,2022,0.0
Georganas1959,"Charlton, Andrew",ALP,1,0,2023,2023,0.0
Georganas1959,"Lawrence, Tania",ALP,1,0,2024,2024,0.0
Secker1956,Stage direction,LIB,2,0,2009,2009,0.0
Freelander1953,"Lim, Sam",ALP,1,0,2022,2022,0.0
Archer1975,"Reid, Gordon",ALP,1,0,2024,2024,0.0
Sharkie1972,"Burnell, Matt",ALP,6,0,2022,2025,0.0
Georganas1959,"Pike, Henry",LIB,2,0,2023,2023,0.0
Sharkie1972,"Chandler-Mather, Max",GRN,1,0,2025,2025,0.0
Sharkie1972,"Charlton, Andrew",ALP,1,0,2023,2023,0.0
Sharkie1972,"Daniel, Zoe",IND,1,0,2022,2022,0.0
Archer1975,"Archer, Bridget (The DEPUTY SPEAKER)",LIB,5,0,2024,2025,0.0
Payne1964,"Ryan, Monique",IND,1,0,2023,2023,0.0
Claydon1964,"Lawrence, Tania",ALP,5,0,2022,2025,0.0
Nelson1958,Stage direction,LIB,1,0,2005,2005,0.0
Corcoran1951,Stage direction,ALP,3,0,2002,2003,0.0
Corcoran1951,"Corcoran, Ann (The DEPUTY SPEAKER)",ALP,5,0,2002,2007,0.0
Conroy1979,"Conroy, Pat (The DEPUTY SPEAKER)",ALP,1,0,2015,2015,0.0
Goodenough1975,"Mascarenhas, Zaneta",ALP,1,0,2023,2023,0.0
OBrien1972,"O'Brien, Llew (The DEPUTY SPEAKER)",NP,45,0,2020,2021,0.0
Goodenough1975,"Reid, Gordon",ALP,1,0,2022,2022,0.0
Goodenough1975,"Roberts, Tracey",ALP,1,0,2024,2024,0.0
Claydon1964,"Tink, Kylea",IND,6,0,2023,2024,0.0
Claydon1964,"Soon, Zhi",ALP,1,0,2025,2025,0.0
Neumann1961,Stage direction,ALP,1,0,2011,2011,0.0
Claydon1964,"Scamps, Sophie",IND,3,0,2022,2024,0.0
Goodenough1975,"Scamps, Sophie",IND,1,0,2024,2024,0.0
Claydon1964,"Repacholi, Dan",ALP,9,0,2022,2025,0.0
Nehl1934,The CLERK,NP,2,0,2001,2001,0.0
Crosio1939,"Crosio, Janice (The DEPUTY SPEAKER)",ALP,1,0,2000,2000,0.0
Claydon1964,"Pike, Henry",LIB,2,0,2022,2023,0.0
Claydon1964,"Moncrieff, David",ALP,1,0,2025,2025,0.0
Nehl1934,Stage direction,NP,5,0,2000,2001,0.0
Urquhart1957,"Urquhart, Anne",ALP,7,0,2025,2025,0.0
Claydon1964,"Mascarenhas, Zaneta",ALP,9,0,2022,2024,0.0
Vale1944,Stage direction,LIB,2,0,2009,2010,0.0
Claydon1964,"Lim, Sam",ALP,1,0,2022,2022,0.0
Vale1944,"Vale, Danna (The DEPUTY SPEAKER)",LIB,1,0,2009,2009,0.0
Goodenough1975,"Watson-Brown, Elizabeth",GRN,1,0,2024,2024,0.0
Vamvakinou1959,"Birrell, Sam",NP,1,0,2023,2023,0.0
Vamvakinou1959,"Burnell, Matt",ALP,1,0,2023,2023,0.0
Grace1931,"Grace, Ted",ALP,4,0,1998,1998,0.0
Vamvakinou1959,"McKenzie, Zoe",LIB,1,0,2023,2023,0.0
Archer1975,"Wolahan, Keith",LIB,1,0,2024,2024,0.0
Symon1965,"Symon, Mike (The DEPUTY SPEAKER)",ALP,4,0,2012,2013,0.0
Payne1964,"Roberts, Tracey",ALP,2,0,2023,2024,0.0
Stevens1983,"Byrnes, Alison",ALP,3,0,2022,2023,0.0
Freelander1953,"Ananda-Rajah, Michelle",ALP,1,0,2022,2022,0.0
Andrews1960,"Andrews, Karen (The DEPUTY SPEAKER)",LIB,8,0,2023,2024,0.0
Payne1964,"Reid, Gordon",ALP,2,0,2023,2024,0.0
Payne1964,"Mascarenhas, Zaneta",ALP,1,0,2024,2024,0.0
Payne1964,"Laxale, Jerome",ALP,1,0,2024,2024,0.0
Ferguson1943,"Ferguson, Alan",LIB,1,0,2000,2000,0.0
Farmer1962,Stage direction,LIB,1,0,2004,2004,0.0
Payne1964,"Lawrence, Tania",ALP,1,0,2023,2023,0.0
Payne1964,"Fernando, Cassandra",ALP,2,0,2024,2025,0.0
StClair1949,Stage direction,NP,1,0,2000,2000,0.0
Payne1964,"Charlton, Andrew",ALP,1,0,2024,2024,0.0
Elson1947,Stage direction,LIB,1,0,2001,2001,0.0
Stevens1983,"Burnell, Matt",ALP,2,0,2023,2023,0.0
Stevens1983,"Chaney, Kate",IND,1,0,2022,2022,0.0
ONeill1961,"O'Neill, Deborah (The DEPUTY SPEAKER)",ALP,1,0,2013,2013,0.0
Stevens1983,"Charlton, Andrew",ALP,1,0,2022,2022,0.0
Payne1964,"Burnell, Matt",ALP,4,0,2023,2024,0.0
Payne1964,"Ananda-Rajah, Michelle",ALP,1,0,2024,2024,0.0
Stevens1983,"Mascarenhas, Zaneta",ALP,1,0,2023,2023,0.0
Stevens1983,"Rae, Sam",ALP,1,0,2022,2022,0.0
Georganas1959,"Tink, Kylea",IND,2,0,2023,2024,0.0
Stevens1983,"Sitou, Sally",ALP,1,0,2022,2022,0.0
Stevens1983,"Stevens, James (The DEPUTY SPEAKER)",LIB,2,0,2022,2023,0.0
Stevens1983,"Violi, Aaron",LIB,2,0,2024,2024,0.0
Owens1958,"Owens, Julie (The DEPUTY SPEAKER)",ALP,5,0,2012,2021,0.0
Georganas1959,"Willcox, Andrew",NP,2,0,2022,2023,0.0
Sukkar1981,"Sukkar, Michael (The DEPUTY SPEAKER)",LIB,2,0,2015,2016,0.0
Oakeshott1969,"Oakeshott, Rob (The DEPUTY SPEAKER)",IND,3,0,2013,2013,0.0
Beddall1948,"Beddall, David",ALP,7,0,1998,1998,0.0
